{
  "task": "transcribe",
  "language": "english",
  "duration": 31.989999771118164,
  "text": "Most traders fail because of this. They focus on entries, not exits. Rule one, never risk more than 2% per trade. Rule two, always set your stop loss before entry. Rule three, risk to reward must be one to two minimum. Rule four, never move stops against you. Rule five, size down after losses. Follow for more trading rules. Your account will thank you.",
  "segments": [
    {
      "id": 0,
      "seek": 0,
      "start": 0,
      "end": 2.4800000190734863,
      "text": " Most traders fail because of this.",
      "tokens": [
        50364,
        4534,
        26014,
        3061,
        570,
        295,
        341,
        13,
        50488
      ],
      "temperature": 0,
      "avg_logprob": -0.19342435896396637,
      "compression_ratio": 1.5721925497055054,
      "no_speech_prob": 0.004755031783133745
    },
    {
      "id": 1,
      "seek": 0,
      "start": 2.4800000190734863,
      "end": 5.900000095367432,
      "text": " They focus on entries, not exits.",
      "tokens": [
        50488,
        814,
        1879,
        322,
        23041,
        11,
        406,
        44183,
        13,
        50659
      ],
      "temperature": 0,
      "avg_logprob": -0.19342435896396637,
      "compression_ratio": 1.5721925497055054,
      "no_speech_prob": 0.004755031783133745
    },
    {
      "id": 2,
      "seek": 0,
      "start": 5.900000095367432,
      "end": 10.680000305175781,
      "text": " Rule one, never risk more than 2% per trade.",
      "tokens": [
        50659,
        27533,
        472,
        11,
        1128,
        3148,
        544,
        813,
        568,
        4,
        680,
        4923,
        13,
        50898
      ],
      "temperature": 0,
      "avg_logprob": -0.19342435896396637,
      "compression_ratio": 1.5721925497055054,
      "no_speech_prob": 0.004755031783133745
    },
    {
      "id": 3,
      "seek": 0,
      "start": 10.680000305175781,
      "end": 15.640000343322754,
      "text": " Rule two, always set your stop loss before entry.",
      "tokens": [
        50898,
        27533,
        732,
        11,
        1009,
        992,
        428,
        1590,
        4470,
        949,
        8729,
        13,
        51146
      ],
      "temperature": 0,
      "avg_logprob": -0.19342435896396637,
      "compression_ratio": 1.5721925497055054,
      "no_speech_prob": 0.004755031783133745
    },
    {
      "id": 4,
      "seek": 0,
      "start": 15.640000343322754,
      "end": 20.3799991607666,
      "text": " Rule three, risk to reward must be one to two minimum.",
      "tokens": [
        51146,
        27533,
        1045,
        11,
        3148,
        281,
        7782,
        1633,
        312,
        472,
        281,
        732,
        7285,
        13,
        51383
      ],
      "temperature": 0,
      "avg_logprob": -0.19342435896396637,
      "compression_ratio": 1.5721925497055054,
      "no_speech_prob": 0.004755031783133745
    },
    {
      "id": 5,
      "seek": 0,
      "start": 20.3799991607666,
      "end": 24.239999771118164,
      "text": " Rule four, never move stops against you.",
      "tokens": [
        51383,
        27533,
        1451,
        11,
        1128,
        1286,
        10094,
        1970,
        291,
        13,
        51576
      ],
      "temperature": 0,
      "avg_logprob": -0.19342435896396637,
      "compression_ratio": 1.5721925497055054,
      "no_speech_prob": 0.004755031783133745
    },
    {
      "id": 6,
      "seek": 0,
      "start": 24.239999771118164,
      "end": 27.84000015258789,
      "text": " Rule five, size down after losses.",
      "tokens": [
        51576,
        27533,
        1732,
        11,
        2744,
        760,
        934,
        15352,
        13,
        51756
      ],
      "temperature": 0,
      "avg_logprob": -0.19342435896396637,
      "compression_ratio": 1.5721925497055054,
      "no_speech_prob": 0.004755031783133745
    },
    {
      "id": 7,
      "seek": 2784,
      "start": 27.920000076293945,
      "end": 30.479999542236328,
      "text": " Follow for more trading rules.",
      "tokens": [
        50368,
        9876,
        337,
        544,
        9529,
        4474,
        13,
        50496
      ],
      "temperature": 0,
      "avg_logprob": -0.522575855255127,
      "compression_ratio": 0.9076923131942749,
      "no_speech_prob": 0.2597139775753021
    },
    {
      "id": 8,
      "seek": 2784,
      "start": 30.479999542236328,
      "end": 32.400001525878906,
      "text": " Your account will thank you.",
      "tokens": [
        50496,
        2260,
        2696,
        486,
        1309,
        291,
        13,
        50592
      ],
      "temperature": 0,
      "avg_logprob": -0.522575855255127,
      "compression_ratio": 0.9076923131942749,
      "no_speech_prob": 0.2597139775753021
    }
  ],
  "usage": {
    "type": "duration",
    "seconds": 32
  }
}