{
  "task": "transcribe",
  "language": "english",
  "duration": 18.389999389648438,
  "text": "POV. You just realized you're entering too early. Every single time. Market structure breaks. But you jump in immediately. No confirmation. Wait for the retest. Let price come back. Then strike. Follow for more ICT insights. Your entries will thank you.",
  "segments": [
    {
      "id": 0,
      "seek": 0,
      "start": 0,
      "end": 6.800000190734863,
      "text": " POV. You just realized you're entering too early. Every single time. Market structure breaks. But",
      "tokens": [
        50364,
        22299,
        53,
        13,
        509,
        445,
        5334,
        291,
        434,
        11104,
        886,
        2440,
        13,
        2048,
        2167,
        565,
        13,
        15596,
        3877,
        9857,
        13,
        583,
        50704
      ],
      "temperature": 0,
      "avg_logprob": -0.2855517566204071,
      "compression_ratio": 1.3457447290420532,
      "no_speech_prob": 0.20161065459251404
    },
    {
      "id": 1,
      "seek": 0,
      "start": 6.800000190734863,
      "end": 12.479999542236328,
      "text": " you jump in immediately. No confirmation. Wait for the retest. Let price come back.",
      "tokens": [
        50704,
        291,
        3012,
        294,
        4258,
        13,
        883,
        21871,
        13,
        3802,
        337,
        264,
        1533,
        377,
        13,
        961,
        3218,
        808,
        646,
        13,
        50988
      ],
      "temperature": 0,
      "avg_logprob": -0.2855517566204071,
      "compression_ratio": 1.3457447290420532,
      "no_speech_prob": 0.20161065459251404
    },
    {
      "id": 2,
      "seek": 0,
      "start": 13.119999885559082,
      "end": 18.719999313354492,
      "text": " Then strike. Follow for more ICT insights. Your entries will thank you.",
      "tokens": [
        51020,
        1396,
        9302,
        13,
        9876,
        337,
        544,
        286,
        10259,
        14310,
        13,
        2260,
        23041,
        486,
        1309,
        291,
        13,
        51300
      ],
      "temperature": 0,
      "avg_logprob": -0.2855517566204071,
      "compression_ratio": 1.3457447290420532,
      "no_speech_prob": 0.20161065459251404
    }
  ],
  "usage": {
    "type": "duration",
    "seconds": 19
  }
}