{
  "task": "transcribe",
  "language": "english",
  "duration": 23.489999771118164,
  "text": "Stop revenge trading immediately, your emotions are killing profits, fear makes you exit early, greed keeps you in losers, you're sabotaging yourself constantly, trade your plan, not feelings, set rules before entry, stick to them religiously, master your mind first, follow R2F for disciplined trading.",
  "segments": [
    {
      "id": 0,
      "seek": 0,
      "start": 0,
      "end": 6.800000190734863,
      "text": " Stop revenge trading immediately, your emotions are killing profits, fear makes you exit early,",
      "tokens": [
        50364,
        5535,
        16711,
        9529,
        566,
        1912,
        72,
        1592,
        11,
        428,
        8462,
        366,
        8011,
        17982,
        11,
        4240,
        1669,
        291,
        11043,
        2440,
        11,
        50704
      ],
      "temperature": 0,
      "avg_logprob": -0.3696235120296478,
      "compression_ratio": 1.507462739944458,
      "no_speech_prob": 0.0002959328412543982
    },
    {
      "id": 1,
      "seek": 0,
      "start": 7.519999980926514,
      "end": 11.760000228881836,
      "text": " greed keeps you in losers, you're sabotaging yourself constantly,",
      "tokens": [
        50740,
        29230,
        5965,
        291,
        294,
        37713,
        11,
        291,
        434,
        37167,
        3568,
        1803,
        6460,
        11,
        50952
      ],
      "temperature": 0,
      "avg_logprob": -0.3696235120296478,
      "compression_ratio": 1.507462739944458,
      "no_speech_prob": 0.0002959328412543982
    },
    {
      "id": 2,
      "seek": 0,
      "start": 12.5600004196167,
      "end": 18,
      "text": " trade your plan, not feelings, set rules before entry, stick to them religiously,",
      "tokens": [
        50992,
        4923,
        428,
        1393,
        11,
        406,
        6640,
        11,
        992,
        4474,
        949,
        8729,
        11,
        2897,
        281,
        552,
        7185,
        356,
        11,
        51264
      ],
      "temperature": 0,
      "avg_logprob": -0.3696235120296478,
      "compression_ratio": 1.507462739944458,
      "no_speech_prob": 0.0002959328412543982
    },
    {
      "id": 3,
      "seek": 0,
      "start": 18.8799991607666,
      "end": 23.440000534057617,
      "text": " master your mind first, follow R2F for disciplined trading.",
      "tokens": [
        51308,
        4505,
        428,
        1575,
        700,
        11,
        1524,
        497,
        17,
        37,
        337,
        40061,
        9529,
        13,
        51536
      ],
      "temperature": 0,
      "avg_logprob": -0.3696235120296478,
      "compression_ratio": 1.507462739944458,
      "no_speech_prob": 0.0002959328412543982
    }
  ],
  "usage": {
    "type": "duration",
    "seconds": 24
  }
}